suite,test,totalCov,cdl,cookie,cookieList,http,httpTokener,jsonArray,jsonException,jsonMl,jsonObject,jsonPointer,jsonPointerException,jsonStringer,jsonTokener,jsonWriter,property,xml,xmlParserConfiguration,xmlTokener,time,status
org.json.junit.JSONObjectTest,bigNumberOperations,325,0,0,0,0,0,70,2,0,253,0,0,0,0,0,0,0,0,0,1899,passed
org.json.junit.JSONMLTest,toJSONObjectToJSONArray,453,0,0,0,0,0,30,0,151,78,0,0,0,71,0,0,53,0,70,2,error
org.json.junit.XMLTest,testToJSONArray_reversibility,268,0,0,0,0,0,8,0,0,24,0,0,0,41,0,0,139,5,51,2,passed
org.json.junit.CookieTest,convertEncodedCookieToString,206,0,74,0,0,0,0,0,0,42,0,0,0,90,0,0,0,0,0,2,passed
org.json.junit.JSONArrayTest,putIndex,294,0,0,0,0,0,79,1,0,126,33,0,0,55,0,0,0,0,0,1,error
org.json.junit.CDLTest,unbalancedQuoteInName,133,78,0,0,0,0,6,1,0,1,0,0,0,47,0,0,0,0,0,1,passed
org.json.junit.CDLTest,singleEscapedQuoteMiddleString,179,76,0,0,0,0,31,1,0,22,0,0,0,49,0,0,0,0,0,5,error
org.json.junit.XMLTest,testIssue537CaseSensitiveHexEscapeFullFile,285,0,0,0,0,0,26,0,0,45,0,0,0,67,0,0,66,5,76,9,error
org.json.junit.CookieTest,convertCookieToString,191,0,65,0,0,0,0,0,0,42,0,0,0,84,0,0,0,0,0,2,passed
org.json.junit.HTTPTest,convertHTTPRequestToString,170,0,0,0,37,15,0,0,0,44,0,0,0,74,0,0,0,0,0,2,error
org.json.junit.JSONPointerTest,queryFromJSONArray,166,0,0,0,0,0,26,1,0,44,35,1,0,59,0,0,0,0,0,1,error
org.json.junit.XMLTest,testToJsonWithNullWhenNilConversionEnabled,223,0,0,0,0,0,0,0,0,59,0,0,0,41,0,0,55,25,43,1,passed
org.json.junit.CookieListTest,convertCookieListToString,182,0,16,22,0,0,0,0,0,65,24,0,0,55,0,0,0,0,0,2,passed
org.json.junit.PropertyTest,shouldHandleJSONProperty,27,0,0,0,0,0,0,0,0,11,0,0,0,0,0,16,0,0,0,3,passed
org.json.junit.HTTPTest,convertHTTPResponseToString,162,0,0,0,35,9,0,0,0,44,0,0,0,74,0,0,0,0,0,1,passed
org.json.junit.JSONStringerTest,complexObjectString,348,0,0,0,0,0,41,0,0,129,33,0,2,65,78,0,0,0,0,3,passed
org.json.junit.JSONStringerTest,simpleArrayString,250,0,0,0,0,0,48,0,0,63,29,0,2,54,54,0,0,0,0,3,passed
org.json.junit.JSONPointerTest,queryFromJSONArrayUsingPointer,164,0,0,0,0,0,25,0,0,44,35,1,0,59,0,0,0,0,0,1,error
org.json.junit.JSONObjectTest,jsonObjectByBean1,240,0,0,0,0,0,34,0,0,182,24,0,0,0,0,0,0,0,0,52,error
org.json.junit.JSONMLTest,toJSONArray,265,0,0,0,0,0,30,0,98,42,0,0,0,63,0,0,31,0,1,2,error
org.json.junit.XMLTest,contentOperations,400,0,0,0,0,0,39,0,0,101,0,0,0,69,0,0,137,3,51,2,passed
org.json.junit.CookieTest,multiPartCookie,150,0,27,0,0,0,0,0,0,39,0,0,0,84,0,0,0,0,0,2,passed
org.json.junit.JSONArrayTest,opt,181,0,0,0,0,0,71,1,0,50,0,0,0,59,0,0,0,0,0,1,error
org.json.junit.CDLTest,singleEscapedQuote,177,75,0,0,0,0,31,0,0,22,0,0,0,49,0,0,0,0,0,1,error
org.json.junit.CDLTest,textToJSONArrayAndBackToString,243,68,0,0,0,0,47,0,0,57,0,0,0,71,0,0,0,0,0,4,error
org.json.junit.XMLTest,shouldHandleToString,322,0,0,0,0,0,0,0,0,43,0,0,0,66,0,0,133,5,75,2,passed
org.json.junit.CookieTest,booleanAttribute,95,0,25,0,0,0,0,0,0,9,0,0,0,61,0,0,0,0,0,1,passed
org.json.junit.HTTPTest,extendedHTTPResponse,132,0,0,0,15,9,0,0,0,36,0,0,0,72,0,0,0,0,0,1,passed
org.json.junit.JSONPointerTest,optQueryFromJSONArrayUsingPointer,166,0,0,0,0,0,27,1,0,44,34,1,0,59,0,0,0,0,0,1,error
org.json.junit.XMLConfigurationTest,testConfig,287,0,0,0,0,0,27,0,0,39,0,0,0,59,0,0,78,24,60,3,error
org.json.junit.CookieListTest,convertEncodedCookieListToString,177,0,14,19,0,0,0,0,0,63,24,0,0,57,0,0,0,0,0,1,passed
org.json.junit.PropertyTest,shouldHandleProperties,22,0,0,0,0,0,0,0,0,14,0,0,0,0,0,8,0,0,0,1,passed
org.json.junit.HTTPTest,extendedHTTPRequest,133,0,0,0,14,9,0,0,0,36,0,0,0,74,0,0,0,0,0,2,passed
org.json.junit.JSONStringerTest,simpleObjectString,282,0,0,0,0,0,0,0,0,127,24,0,2,61,68,0,0,0,0,1,passed
org.json.junit.JSONStringerTest,exceedNestDepthException,65,0,0,0,0,0,0,1,0,25,0,0,1,0,38,0,0,0,0,2,passed
org.json.junit.JSONPointerTest,optQueryFromJSONObjectUsingPointer,167,0,0,0,0,0,23,1,0,48,34,1,0,60,0,0,0,0,0,0,error
org.json.junit.EnumTest,enumToString,237,0,0,0,0,0,39,0,0,174,24,0,0,0,0,0,0,0,0,3,passed
org.json.junit.JSONMLTest,testToJSONArray_reversibility,252,0,0,0,0,0,14,0,96,21,0,0,0,41,0,0,44,0,36,2,error
org.json.junit.XMLTest,shouldHandleNestedArraytoString,331,0,0,0,0,0,26,0,0,65,0,0,0,59,0,0,137,3,41,2,error
org.json.junit.CDLTest,textToJSONArray,197,43,0,0,0,0,36,0,0,44,0,0,0,74,0,0,0,0,0,5,error
org.json.junit.JSONArrayTest,put,279,0,0,0,0,0,66,0,0,125,33,0,0,55,0,0,0,0,0,2,error
org.json.junit.CDLTest,checkSpecialChars,84,33,0,0,0,0,29,0,0,22,0,0,0,0,0,0,0,0,0,15,passed
org.json.junit.CDLTest,badEscapedQuote,90,33,0,0,0,0,6,1,0,1,0,0,0,49,0,0,0,0,0,2,failed
org.json.junit.XMLConfigurationTest,shouldHandleToString,302,0,0,0,0,0,0,0,0,43,0,0,0,66,0,0,113,5,75,2,passed
org.json.junit.CookieTest,simpleCookie,119,0,18,0,0,0,0,0,0,36,0,0,0,65,0,0,0,0,0,4,passed
org.json.junit.HTTPTest,simpleHTTPResponse,116,0,0,0,10,9,0,0,0,36,0,0,0,61,0,0,0,0,0,1,passed
org.json.junit.JSONPointerTest,queryFromJSONObjectUsingPointer,165,0,0,0,0,0,23,1,0,46,34,1,0,60,0,0,0,0,0,1,error
org.json.junit.XMLConfigurationTest,contentOperations,398,0,0,0,0,0,41,0,0,98,0,0,0,69,0,0,117,22,51,1,passed
org.json.junit.CookieListTest,simpleCookieList,150,0,8,9,0,0,0,0,0,54,24,0,0,55,0,0,0,0,0,365,passed
org.json.junit.PropertyTest,shouldHandleEmptyProperties,6,0,0,0,0,0,0,0,0,3,0,0,0,0,0,3,0,0,0,1,passed
org.json.junit.HTTPTest,simpleHTTPRequest,108,0,0,0,9,9,0,0,0,36,0,0,0,54,0,0,0,0,0,1,passed
org.json.junit.JSONStringerTest,missplacedArrayException,45,0,0,0,0,0,0,1,0,2,0,0,1,0,41,0,0,0,0,1,passed
org.json.junit.JSONStringerTest,missplacedObjectException,44,0,0,0,0,0,0,1,0,2,0,0,1,0,40,0,0,0,0,2,passed
org.json.junit.JSONPointerTest,queryFromJSONObject,143,0,0,0,0,0,0,1,0,47,34,1,0,60,0,0,0,0,0,1,error
org.json.junit.JSONObjectTest,verifyNumberOutput,199,0,0,0,0,0,0,0,0,172,27,0,0,0,0,0,0,0,0,17,passed
org.json.junit.JSONMLTest,testToJSONArray_reversibility2,295,0,0,0,0,0,36,0,95,59,0,0,0,41,0,0,28,0,36,1,error
org.json.junit.XMLConfigurationTest,shouldHandleNestedArraytoString,340,0,0,0,0,0,26,0,0,65,0,0,0,69,0,0,136,3,41,3,error
org.json.junit.XMLTest,shouldHandleSimpleXML,314,0,0,0,0,0,0,0,0,78,0,0,0,72,0,0,99,5,60,7,passed
org.json.junit.JSONObjectTest,valueToString,263,0,0,0,0,0,63,0,0,127,0,0,0,55,18,0,0,0,0,3,error
org.json.junit.CDLTest,unbalancedEscapedQuote,94,32,0,0,0,0,6,1,0,4,0,0,0,51,0,0,0,0,0,49,failed
org.json.junit.CDLTest,emptyLinesToJSONArray,86,32,0,0,0,0,6,0,0,1,0,0,0,47,0,0,0,0,0,1,passed
org.json.junit.JSONMLTest,nullXMLException,77,0,0,0,0,0,0,0,1,0,0,0,0,1,0,0,0,0,75,1,passed
org.json.junit.CookieTest,malFormedNameValueException,61,0,14,0,0,0,0,1,0,8,0,0,0,38,0,0,0,0,0,1,passed
org.json.junit.HTTPTest,emptyStringHTTPRequest,106,0,0,0,9,7,0,0,0,36,0,0,0,54,0,0,0,0,0,1,passed
org.json.junit.JSONArrayTest,join,262,0,0,0,0,0,46,0,0,113,33,0,0,57,13,0,0,0,0,1,error
org.json.junit.XMLTest,testToJsonWithXSITypeWhenTypeConversionNotEnabledOnOne,277,0,0,0,0,0,0,0,0,62,0,0,0,66,0,0,76,22,51,5,passed
org.json.junit.CookieListTest,simpleCookieListWithDelimiter,148,0,8,9,0,0,0,0,0,54,24,0,0,53,0,0,0,0,0,1,passed
org.json.junit.PropertyTest,shouldHandleNullProperties,6,0,0,0,0,0,0,0,0,3,0,0,0,0,0,3,0,0,0,0,passed
org.json.junit.HTTPTest,nullHTTPException,6,0,0,0,2,1,0,0,0,2,0,0,0,1,0,0,0,0,0,6,passed
org.json.junit.JSONStringerTest,missplacedEndArrayException,34,0,0,0,0,0,0,1,0,2,0,0,1,0,30,0,0,0,0,1,passed
org.json.junit.JSONStringerTest,nullKeyException,32,0,0,0,0,0,0,1,0,2,0,0,1,0,28,0,0,0,0,2,passed
org.json.junit.JSONPointerTest,arrayIndexFailure,37,0,0,0,0,0,1,1,0,1,33,1,0,0,0,0,0,0,0,1,error
org.json.junit.JSONObjectTest,jsonObjectPut,257,0,0,0,0,0,5,0,0,160,33,0,0,59,0,0,0,0,0,2,error
org.json.junit.JSONMLTest,testToJSONArray_reversibility3,242,0,0,0,0,0,14,0,91,21,0,0,0,41,0,0,39,0,36,1,error
org.json.junit.XMLConfigurationTest,testToJSONArray_reversibility,281,0,0,0,0,0,8,0,0,24,0,0,0,41,0,0,136,21,51,3,passed
org.json.junit.XMLConfigurationTest,shouldHandleSimpleXML,329,0,0,0,0,0,0,0,0,78,0,0,0,72,0,0,98,21,60,6,passed
org.json.junit.JSONArrayTest,failedGetArrayValues,169,0,0,0,0,0,59,2,0,49,0,0,0,59,0,0,0,0,0,1,error
org.json.junit.CDLTest,jsonArrayToJSONArray,175,31,0,0,0,0,36,0,0,44,0,0,0,64,0,0,0,0,0,2,error
org.json.junit.CDLTest,unbalancedQuoteInValue,89,30,0,0,0,0,6,1,0,1,0,0,0,51,0,0,0,0,0,1,passed
org.json.junit.XMLTest,testXmlEscapeToJson,239,0,0,0,0,0,0,0,0,43,0,0,0,66,0,0,57,3,70,5,passed
org.json.junit.CookieTest,unescapeString,19,0,14,0,0,0,0,0,0,0,0,0,0,5,0,0,0,0,0,1,passed
org.json.junit.HTTPTest,notEnoughHTTPException,41,0,0,0,4,0,0,1,0,9,0,0,0,27,0,0,0,0,0,1,passed
org.json.junit.JSONObjectTest,jsonObjectToString,249,0,0,0,0,0,41,0,0,116,33,0,0,59,0,0,0,0,0,2,error
org.json.junit.XMLConfigurationTest,shouldHandleInvalidCDATABangInTag,216,0,0,0,0,0,0,1,0,17,0,0,0,45,0,0,71,21,61,3,passed
org.json.junit.CookieListTest,multiPartCookieList,137,0,8,9,0,0,0,0,0,43,24,0,0,53,0,0,0,0,0,1,passed
org.json.junit.PropertyTest,shouldHandleNullJSONProperty,3,0,0,0,0,0,0,0,0,0,0,0,0,0,0,3,0,0,0,1,passed
org.json.junit.CookieListTest,convertCookieListWithNullValueToString,18,0,0,7,0,0,0,0,0,11,0,0,0,0,0,0,0,0,0,4,passed
org.json.junit.JSONStringerTest,missplacedEndObjectException,29,0,0,0,0,0,0,1,0,0,0,0,1,0,27,0,0,0,0,2,passed
org.json.junit.JSONStringerTest,outOfSequenceException,11,0,0,0,0,0,0,1,0,0,0,0,1,0,9,0,0,0,0,2,passed
org.json.junit.JSONArrayTest,optQueryWithNoResult,37,0,0,0,0,0,6,1,0,0,29,1,0,0,0,0,0,0,0,0,passed
org.json.junit.EnumTest,jsonObjectFromEnum,172,0,0,0,0,0,0,0,0,148,24,0,0,0,0,0,0,0,0,2,passed
org.json.junit.JSONMLTest,testToJSONObject_reversibility,361,0,0,0,0,0,45,0,88,112,0,0,0,41,0,0,39,0,36,1,error
org.json.junit.XMLTest,testToJsonXML,304,0,0,0,0,0,26,0,0,46,0,0,0,59,0,0,117,5,51,2,error
org.json.junit.JSONPointerTest,uriFragmentPercentHandling,158,0,0,0,0,0,17,0,0,47,25,0,0,69,0,0,0,0,0,3,error
org.json.junit.JSONArrayTest,getArrayValues,165,0,0,0,0,0,56,0,0,50,0,0,0,59,0,0,0,0,0,1,error
org.json.junit.CDLTest,onlyColumnNames,80,30,0,0,0,0,6,0,0,1,0,0,0,43,0,0,0,0,0,1,passed
org.json.junit.CDLTest,nullInName,69,17,0,0,0,0,6,1,0,1,0,0,0,44,0,0,0,0,0,1,passed
org.json.junit.JSONMLTest,invalidBangInTagException,197,0,0,0,0,0,5,1,54,17,0,0,0,48,0,0,7,0,65,2,failed
org.json.junit.CookieTest,escapeString,10,0,10,0,0,0,0,0,0,0,0,0,0,0,0,0,0,0,0,1,passed
org.json.junit.CookieTest,emptyNameCookieException,51,0,9,0,0,0,0,1,0,2,0,0,0,39,0,0,0,0,0,0,passed
org.json.junit.JSONObjectTest,jsonObjectAccumulate,149,0,0,0,0,0,29,1,0,86,33,0,0,0,0,0,0,0,0,2,passed
org.json.junit.XMLConfigurationTest,testToJSONArray_jsonOutput,318,0,0,0,0,0,26,0,0,66,0,0,0,68,0,0,86,21,51,116,error
org.json.junit.CookieListTest,malFormedCookieListException,61,0,8,5,0,0,0,1,0,2,0,0,0,45,0,0,0,0,0,1,passed
org.json.junit.CookieListTest,emptyStringCookieList,24,0,0,4,0,0,0,0,0,3,0,0,0,17,0,0,0,0,0,0,passed
org.json.junit.CookieListTest,nullCookieListException,5,0,0,2,0,0,0,0,0,2,0,0,0,1,0,0,0,0,0,1,passed
org.json.junit.XMLConfigurationTest,testToJsonXML,318,0,0,0,0,0,26,0,0,46,0,0,0,59,0,0,115,21,51,2,error
org.json.junit.XMLTest,testToJsonWithTypeWhenTypeConversionEnabled,258,0,0,0,0,0,0,0,0,62,0,0,0,66,0,0,58,21,51,7,passed
org.json.junit.JSONArrayTest,queryWithNoResult,35,0,0,0,0,0,4,1,0,0,29,1,0,0,0,0,0,0,0,1,passed
org.json.junit.EnumTest,wrap,168,0,0,0,0,0,0,0,0,144,24,0,0,0,0,0,0,0,0,6,passed
org.json.junit.JSONMLTest,commentsInXML,227,0,0,0,0,0,30,0,76,4,0,0,0,59,0,0,7,0,51,1,error
org.json.junit.XMLTest,testToJSONArray_jsonOutput,304,0,0,0,0,0,26,0,0,66,0,0,0,68,0,0,88,5,51,2,error
org.json.junit.JSONTokenerTest,testValid,136,0,0,0,0,0,17,0,0,52,0,0,0,67,0,0,0,0,0,1,error
org.json.junit.JSONObjectTest,wrapObject,249,0,0,0,0,0,54,0,0,119,30,0,0,46,0,0,0,0,0,2,passed
org.json.junit.CDLTest,emptyString,32,13,0,0,0,0,2,0,0,0,0,0,0,17,0,0,0,0,0,1,passed
org.json.junit.CDLTest,emptyJSONArrayToString,9,3,0,0,0,0,6,0,0,0,0,0,0,0,0,0,0,0,0,2,passed
org.json.junit.JSONMLTest,invalidBangNoCloseInTagException,190,0,0,0,0,0,5,1,54,17,0,0,0,48,0,0,0,0,65,2,failed
org.json.junit.CookieTest,emptyStringCookieException,34,0,9,0,0,0,0,1,0,2,0,0,0,22,0,0,0,0,0,1,passed
org.json.junit.CookieTest,nullCookieException,5,0,2,0,0,0,0,0,0,2,0,0,0,1,0,0,0,0,0,0,passed
org.json.junit.JSONObjectTest,jsonObjectAppend,146,0,0,0,0,0,29,1,0,83,33,0,0,0,0,0,0,0,0,2,passed
org.json.junit.XMLTest,testToJsonWithXSITypeWhenTypeConversionEnabled,258,0,0,0,0,0,0,0,0,62,0,0,0,66,0,0,58,21,51,5,passed
org.json.junit.XMLConfigurationTest,testSimpleForceList,257,0,0,0,0,0,21,0,0,44,0,0,0,63,0,0,59,20,50,2,passed
org.json.junit.XMLConfigurationTest,testMultipleTagForceList,249,0,0,0,0,0,26,0,0,46,0,0,0,63,0,0,53,20,41,5,error
org.json.junit.XMLConfigurationTest,testLongForceList,258,0,0,0,0,0,21,0,0,48,0,0,0,60,0,0,68,20,41,2,passed
org.json.junit.XMLConfigurationTest,testContentForceList,235,0,0,0,0,0,21,0,0,44,0,0,0,57,0,0,52,20,41,2,passed
org.json.junit.JSONObjectTest,jsonObjectNullOperations,93,0,0,0,0,0,0,1,0,34,0,0,0,0,0,0,38,20,0,3,passed
org.json.junit.JSONObjectTest,optQueryWithNoResult,37,0,0,0,0,0,0,1,0,7,28,1,0,0,0,0,0,0,0,3,passed
org.json.junit.JSONObjectTest,jsonObjectIncrement,214,0,0,0,0,0,0,0,0,135,24,0,0,55,0,0,0,0,0,2,passed
org.json.junit.JSONMLTest,invalidCDATABangInTagException,197,0,0,0,0,0,5,1,59,17,0,0,0,47,0,0,7,0,61,2,failed
org.json.junit.XMLTest,testToJsonWithTypeWhenTypeConversionDisabled,264,0,0,0,0,0,0,0,0,62,0,0,0,66,0,0,74,11,51,1,passed
org.json.junit.JSONObjectTest,jsonObjectParsingErrors,170,0,0,0,0,0,18,2,0,84,0,0,0,66,0,0,0,0,0,2,failed
org.json.junit.JSONArrayTest,optStringConversion,121,0,0,0,0,0,51,0,0,25,0,0,0,45,0,0,0,0,0,3,error
org.json.junit.CDLTest,nullJSONArraysToString,2,2,0,0,0,0,0,0,0,0,0,0,0,0,0,0,0,0,0,1,passed
org.json.junit.CDLTest,exceptionOnNullString,2,1,0,0,0,0,0,0,0,0,0,0,0,1,0,0,0,0,0,1,passed
org.json.junit.XMLTest,testIssue537CaseSensitiveHexEscapeMinimal,215,0,0,0,0,0,0,0,0,39,0,0,0,59,0,0,49,3,65,2,passed
org.json.junit.XMLTest,shouldHandleInvalidBangNoCloseInTag,201,0,0,0,0,0,0,1,0,17,0,0,0,47,0,0,67,4,65,2,passed
org.json.junit.XMLTest,shouldHandleInvalidBangInTag,201,0,0,0,0,0,0,1,0,17,0,0,0,47,0,0,67,4,65,1,passed
org.json.junit.JSONObjectTest,jsonObjectToStringSuppressWarningOnCastToCollection,121,0,0,0,0,0,26,0,0,62,33,0,0,0,0,0,0,0,0,1,passed
org.json.junit.XMLConfigurationTest,shouldHandleCommentsInXML,251,0,0,0,0,0,0,0,0,43,0,0,0,61,0,0,68,19,60,2,passed
org.json.junit.XMLConfigurationTest,testEmptyForceList,186,0,0,0,0,0,8,0,0,32,0,0,0,57,0,0,38,18,33,2,passed
org.json.junit.XMLConfigurationTest,testEmptyTagForceList,171,0,0,0,0,0,8,0,0,32,0,0,0,57,0,0,29,18,27,3,passed
org.json.junit.XMLTest,testXSITypeMapNotModifiable,18,0,0,0,0,0,0,0,0,0,0,0,0,0,0,0,0,18,0,3,passed
org.json.junit.XMLConfigurationTest,shouldHandleContentArraytoString,186,0,0,0,0,0,20,0,0,42,0,0,0,60,0,0,47,17,0,2,error
org.json.junit.XMLConfigurationTest,shouldHandleContentNoArraytoString,130,0,0,0,0,0,0,0,0,26,0,0,0,48,0,0,39,17,0,3,passed
org.json.junit.JSONObjectTest,queryWithNoResult,35,0,0,0,0,0,0,1,0,5,28,1,0,0,0,0,0,0,0,0,passed
org.json.junit.JSONObjectTest,jsonObjectToStringIndent,234,0,0,0,0,0,40,0,0,135,0,0,0,59,0,0,0,0,0,1,error
org.json.junit.JSONMLTest,testToJSONArray_jsonOutput,267,0,0,0,0,0,28,0,54,71,0,0,0,41,0,0,31,0,42,24,error
org.json.junit.XMLTest,shouldHandleNoStartTag,241,0,0,0,0,0,0,0,0,43,0,0,0,61,0,0,72,5,60,1,passed
org.json.junit.JSONArrayTest,write3Param,231,0,0,0,0,0,44,0,0,123,0,0,0,64,0,0,0,0,0,1,error
org.json.junit.JSONStringTest,testJSONStringValue,64,0,0,0,0,0,49,0,0,9,0,0,0,0,6,0,0,0,0,1,passed
org.json.junit.JSONObjectTest,jsonObjectByMapWithNullValue,114,1,0,0,0,0,0,0,0,89,24,0,0,0,0,0,0,0,0,2,passed
org.json.junit.CDLTest,nullJSONArrayToString,1,1,0,0,0,0,0,0,0,0,0,0,0,0,0,0,0,0,0,27,passed
org.json.junit.XMLConfigurationTest,shouldHandleInvalidBangNoCloseInTag,193,0,0,0,0,0,0,1,0,17,0,0,0,47,0,0,59,4,65,2,passed
org.json.junit.XMLConfigurationTest,shouldHandleInvalidBangInTag,193,0,0,0,0,0,0,1,0,17,0,0,0,47,0,0,59,4,65,2,passed
org.json.junit.XMLTest,shouldHandleInvalidCDATABangInTag,201,0,0,0,0,0,0,1,0,17,0,0,0,45,0,0,72,5,61,2,passed
org.json.junit.JSONPointerTest,arrayIndexQuery,40,0,0,0,0,0,6,0,0,1,33,0,0,0,0,0,0,0,0,1,error
org.json.junit.XMLTest,testToJsonWithNullWhenNilConversionDisabled,214,0,0,0,0,0,0,0,0,58,0,0,0,41,0,0,61,11,43,1,passed
org.json.junit.XMLConfigurationTest,shouldHandleNoStartTag,223,0,0,0,0,0,0,0,0,43,0,0,0,61,0,0,54,5,60,3,passed
org.json.junit.XMLTest,shouldHandleNoCloseStartTag,176,0,0,0,0,0,0,1,0,17,0,0,0,45,0,0,56,4,53,1,passed
org.json.junit.XMLConfigurationTest,shouldHandleNoCloseStartTag,168,0,0,0,0,0,0,1,0,17,0,0,0,45,0,0,48,4,53,2,passed
org.json.junit.XMLTest,shouldHandleCommentsInXML,236,0,0,0,0,0,0,0,0,43,0,0,0,61,0,0,69,3,60,2,passed
org.json.junit.XMLTest,testUnescape,228,0,0,0,0,0,0,0,0,59,0,0,0,41,0,0,66,3,59,2,passed
org.json.junit.JSONPointerTest,primitiveFailure,31,0,0,0,0,0,0,1,0,1,28,1,0,0,0,0,0,0,0,1,error
org.json.junit.JSONObjectTest,jsonObjectOptDefault,189,0,0,0,0,0,0,1,0,132,0,0,0,56,0,0,0,0,0,1,passed
org.json.junit.JSONMLTest,noCloseEndBraceException,175,0,0,0,0,0,5,1,46,17,0,0,0,46,0,0,7,0,53,2,failed
org.json.junit.XMLTest,shouldHandleMultiArray,103,0,0,0,0,0,18,0,0,19,0,0,0,0,0,0,65,1,0,1,passed
org.json.junit.JSONPointerTest,uriFragmentNotationRoot,171,0,0,0,0,0,31,0,0,71,6,0,0,63,0,0,0,0,0,1,error
org.json.junit.JSONStringTest,valuesToString,142,0,0,0,0,0,48,0,0,75,0,0,0,0,19,0,0,0,0,0,passed
org.json.junit.JSONArrayTest,jsonArrayToStringIndent,234,0,0,0,0,0,45,0,0,130,0,0,0,59,0,0,0,0,0,1,error
org.json.junit.EnumTest,verifyEnumConsistency,149,0,0,0,0,0,45,0,0,74,30,0,0,0,0,0,0,0,0,1,passed
org.json.junit.XMLConfigurationTest,testUnescape,220,0,0,0,0,0,0,0,0,59,0,0,0,41,0,0,58,3,59,2,passed
org.json.junit.JSONMLTest,noCloseStartTagException,172,0,0,0,0,0,5,1,43,17,0,0,0,46,0,0,7,0,53,3,failed
org.json.junit.JSONMLTest,invalidSlashInTagException,171,0,0,0,0,0,5,1,43,17,0,0,0,46,0,0,7,0,52,3,failed
org.json.junit.JSONPointerTest,stringPropOfArrayFailure,33,0,0,0,0,0,0,1,0,1,31,0,0,0,0,0,0,0,0,1,error
org.json.junit.XMLTest,shouldHandleInvalidSlashInTag,169,0,0,0,0,0,0,1,0,16,0,0,0,45,0,0,52,3,52,1,passed
org.json.junit.XMLConfigurationTest,shouldHandleInvalidSlashInTag,161,0,0,0,0,0,0,1,0,16,0,0,0,45,0,0,44,3,52,2,passed
org.json.junit.XMLTest,shouldHandleArraytoString,174,0,0,0,0,0,20,0,0,42,0,0,0,60,0,0,51,1,0,2,error
org.json.junit.XMLConfigurationTest,shouldHandleArraytoString,173,0,0,0,0,0,20,0,0,42,0,0,0,60,0,0,50,1,0,2,error
org.json.junit.XMLTest,shouldHandleContentArraytoString,171,0,0,0,0,0,20,0,0,42,0,0,0,60,0,0,48,1,0,2,error
org.json.junit.XMLConfigurationTest,shouldHandleMultiArray,102,0,0,0,0,0,18,0,0,19,0,0,0,0,0,0,64,1,0,3,passed
org.json.junit.XMLTest,shouldHandleEmptyMultiArray,101,0,0,0,0,0,18,0,0,19,0,0,0,0,0,0,63,1,0,2,passed
org.json.junit.JSONObjectTest,jsonObjectByNames,209,0,0,0,0,0,0,0,0,130,24,0,0,55,0,0,0,0,0,1,passed
org.json.junit.JSONMLTest,noCloseEndTagException,172,0,0,0,0,0,5,1,46,17,0,0,0,44,0,0,7,0,52,2,failed
org.json.junit.XMLConfigurationTest,shouldHandleEmptyMultiArray,100,0,0,0,0,0,18,0,0,19,0,0,0,0,0,0,62,1,0,1,passed
org.json.junit.JSONPointerTest,emptyPointer,171,0,0,0,0,0,31,0,0,71,6,0,0,63,0,0,0,0,0,1,error
org.json.junit.JSONArrayTest,objectArrayVsIsArray,97,0,0,0,0,0,45,0,0,23,29,0,0,0,0,0,0,0,0,1,passed
org.json.junit.JSONArrayTest,write,218,0,0,0,0,0,43,0,0,116,0,0,0,59,0,0,0,0,0,1,error
org.json.junit.JSONObjectTest,toMap,175,0,0,0,0,0,42,0,0,74,0,0,0,59,0,0,0,0,0,1,error
org.json.junit.JSONMLTest,testIssue484InfinteLoop2,100,0,0,0,0,0,0,1,22,0,0,0,0,49,0,0,0,0,28,5,failed
org.json.junit.JSONMLTest,testIssue484InfinteLoop1,96,0,0,0,0,0,0,1,22,0,0,0,0,45,0,0,0,0,28,16,failed
org.json.junit.XMLTest,shouldHandleNonXML,65,0,0,0,0,0,0,0,0,3,0,0,0,33,0,0,8,0,21,2,passed
org.json.junit.EnumTest,jsonObjectFromEnumWithNames,107,0,0,0,0,0,0,0,0,77,30,0,0,0,0,0,0,0,0,2,passed
org.json.junit.XMLTest,shouldHandleNonEmptyArray,86,0,0,0,0,0,18,0,0,16,0,0,0,0,0,0,51,1,0,2,passed
org.json.junit.XMLConfigurationTest,shouldHandleNonEmptyArray,85,0,0,0,0,0,18,0,0,16,0,0,0,0,0,0,50,1,0,2,passed
org.json.junit.XMLTest,shouldHandleEmptyArray,48,0,0,0,0,0,12,0,0,10,0,0,0,0,0,0,25,1,0,2,passed
org.json.junit.XMLConfigurationTest,shouldHandleEmptyArray,47,0,0,0,0,0,12,0,0,10,0,0,0,0,0,0,24,1,0,2,passed
org.json.junit.XMLTest,shouldHandleIllegalJSONNodeNames,68,0,0,0,0,0,8,0,0,15,0,0,0,0,0,0,44,1,0,1,passed
org.json.junit.XMLConfigurationTest,shouldHandleIllegalJSONNodeNames,67,0,0,0,0,0,8,0,0,15,0,0,0,0,0,0,43,1,0,2,passed
org.json.junit.XMLTest,testJsonToXmlEscape,132,0,0,0,0,0,0,0,0,30,0,0,0,50,0,0,51,1,0,2,passed
org.json.junit.JSONObjectTest,jsonObjectValues,215,0,0,0,0,0,26,0,0,130,0,0,0,59,0,0,0,0,0,2,error
org.json.junit.JSONMLTest,emptyTagException,169,0,0,0,0,0,32,1,35,29,0,0,0,50,0,0,22,0,0,1,error
org.json.junit.XMLTest,shouldHandleContentNoArraytoString,115,0,0,0,0,0,0,0,0,26,0,0,0,48,0,0,40,1,0,2,passed
org.json.junit.JSONTokenerTest,testNextBackComboWithNewLines,62,0,0,0,0,0,0,0,0,0,0,0,0,62,0,0,0,0,0,1,passed
org.json.junit.EnumTest,enumPut,104,0,0,0,0,0,41,0,0,63,0,0,0,0,0,0,0,0,0,2,passed
org.json.junit.JSONArrayTest,notSimilar,141,0,0,0,0,0,40,0,0,45,0,0,0,56,0,0,0,0,0,2,error
org.json.junit.JSONArrayTest,verifyPutCollection,115,0,0,0,0,0,40,0,0,26,0,0,0,49,0,0,0,0,0,0,passed
org.json.junit.XMLConfigurationTest,shouldHandleNonXML,64,0,0,0,0,0,0,0,0,3,0,0,0,33,0,0,7,0,21,3,passed
org.json.junit.JSONMLTest,nonXMLException,62,0,0,0,0,0,0,1,10,0,0,0,0,39,0,0,0,0,12,2,failed
org.json.junit.XMLTest,testIssue537CaseSensitiveHexUnEscapeDirect,18,0,0,0,0,0,0,0,0,0,0,0,0,0,0,0,13,0,5,1,passed
org.json.junit.JSONPointerTest,queryByEmptyKeySubObjectValue,29,0,0,0,0,0,0,0,0,1,28,0,0,0,0,0,0,0,0,1,error
org.json.junit.XMLTest,shouldHandleNullNodeValue,50,0,0,0,0,0,0,0,0,11,0,0,0,0,0,0,38,1,0,2,passed
org.json.junit.XMLConfigurationTest,shouldHandleNullNodeValue,49,0,0,0,0,0,0,0,0,11,0,0,0,0,0,0,37,1,0,2,passed
org.json.junit.JSONObjectTest,jsonObjectByResourceBundle,113,0,0,0,0,0,0,0,0,86,27,0,0,0,0,0,0,0,0,15,passed
org.json.junit.JSONObjectTest,jsonObjectToStringSuppressWarningOnCastToMap,98,0,0,0,0,0,0,0,0,71,27,0,0,0,0,0,0,0,0,0,passed
org.json.junit.JSONPointerTest,queryByEmptyKeySubObject,81,0,0,0,0,0,0,0,0,55,26,0,0,0,0,0,0,0,0,1,error
org.json.junit.JSONPointerTest,queryByEmptyKeySubObjectSubOject,27,0,0,0,0,0,0,0,0,1,26,0,0,0,0,0,0,0,0,1,error
org.json.junit.JSONPointerTest,uriFragmentNotation,70,0,0,0,0,0,23,0,0,22,25,0,0,0,0,0,0,0,0,1,error
org.json.junit.JSONObjectTest,jsonObjectByMapWithUnsupportedValues,143,0,0,0,0,0,0,0,0,119,24,0,0,0,0,0,0,0,0,1,passed
org.json.junit.JSONMLTest,spaceInTagException,161,0,0,0,0,0,27,1,31,29,0,0,0,50,0,0,23,0,0,1,error
org.json.junit.XMLTest,shouldHandleEmptyJSONXML,11,0,0,0,0,0,0,0,0,3,0,0,0,0,0,0,8,0,0,1,passed
org.json.junit.JSONObjectTest,issue654StackOverflowInput,116,0,0,0,0,0,17,1,0,37,0,0,0,61,0,0,0,0,0,1,passed
org.json.junit.JSONArrayTest,toList,163,0,0,0,0,0,38,0,0,66,0,0,0,59,0,0,0,0,0,1,error
org.json.junit.JSONObjectTest,jsonObjectNames,171,0,0,0,0,0,38,0,0,78,0,0,0,55,0,0,0,0,0,4,passed
org.json.junit.JSONObjectTest,testGenericBean,132,0,0,0,0,0,38,0,0,94,0,0,0,0,0,0,0,0,0,6,passed
org.json.junit.JSONMLTest,emptyXMLException,28,0,0,0,0,0,0,1,7,0,0,0,0,19,0,0,0,0,1,0,passed
org.json.junit.XMLTest,shouldHandleEmptyXML,26,0,0,0,0,0,0,0,0,3,0,0,0,16,0,0,6,0,1,1,passed
org.json.junit.XMLConfigurationTest,shouldHandleEmptyXML,25,0,0,0,0,0,0,0,0,3,0,0,0,16,0,0,5,0,1,2,passed
org.json.junit.JSONPointerTest,builderTest,32,0,0,0,0,0,6,0,0,1,25,0,0,0,0,0,0,0,0,0,error
org.json.junit.JSONPointerTest,whitespaceKey,26,0,0,0,0,0,0,0,0,1,25,0,0,0,0,0,0,0,0,1,error
org.json.junit.JSONPointerTest,objectPropertyQuery,69,0,0,0,0,0,23,0,0,22,24,0,0,0,0,0,0,0,0,1,error
org.json.junit.JSONPointerTest,queryFromJSONObjectUsingPointer0,104,0,0,0,0,0,0,0,0,30,24,0,0,50,0,0,0,0,0,1,error
org.json.junit.JSONObjectTest,jsonObjectByObjectAndNames,153,0,0,0,0,0,0,0,0,83,24,0,0,46,0,0,0,0,0,3,passed
org.json.junit.JSONObjectTest,jsonObjectByMap,113,0,0,0,0,0,0,0,0,89,24,0,0,0,0,0,0,0,0,1,passed
org.json.junit.JSONPointerTest,quotationHandling,25,0,0,0,0,0,0,0,0,1,24,0,0,0,0,0,0,0,0,0,error
org.json.junit.JSONPointerTest,slashEscaping,25,0,0,0,0,0,0,0,0,1,24,0,0,0,0,0,0,0,0,1,error
org.json.junit.JSONObjectTest,unexpectedDoubleToIntConversion,174,0,0,0,0,0,0,0,0,119,0,0,0,55,0,0,0,0,0,1,passed
org.json.junit.JSONMLTest,emptyJSONXMLException,11,0,0,0,0,0,8,1,2,0,0,0,0,0,0,0,0,0,0,1,passed
org.json.junit.XMLConfigurationTest,shouldHandleEmptyJSONXML,10,0,0,0,0,0,0,0,0,3,0,0,0,0,0,0,7,0,0,1,passed
org.json.junit.JSONObjectTest,invalidEscapeSequence,71,0,0,0,0,0,0,1,0,10,0,0,0,60,0,0,0,0,0,0,passed
org.json.junit.JSONObjectTest,write,200,0,0,0,0,0,36,0,0,107,0,0,0,57,0,0,0,0,0,1,error
org.json.junit.JSONObjectTest,jsonObjectNamesToJsonAray,153,0,0,0,0,0,35,0,0,63,0,0,0,55,0,0,0,0,0,58,passed
org.json.junit.JSONArrayTest,verifyConstructor,108,0,0,0,0,0,35,0,0,26,0,0,0,47,0,0,0,0,0,1,passed
org.json.junit.JSONObjectTest,verifyPutCollection,161,0,0,0,0,0,34,0,0,70,0,0,0,57,0,0,0,0,0,1,passed
org.json.junit.JSONArrayTest,verifyPutAll,37,0,0,0,0,0,33,0,0,4,0,0,0,0,0,0,0,0,0,1,passed
org.json.junit.EnumTest,enumAPI,90,0,0,0,0,0,30,1,0,49,0,0,0,0,10,0,0,0,0,1,passed
org.json.junit.JSONPointerTest,backslashHandling,25,0,0,0,0,0,0,0,0,1,24,0,0,0,0,0,0,0,0,1,error
org.json.junit.JSONPointerTest,tildeEscaping,25,0,0,0,0,0,0,0,0,1,24,0,0,0,0,0,0,0,0,1,error
org.json.junit.JSONPointerTest,queryByEmptyKey,23,0,0,0,0,0,0,0,0,1,22,0,0,0,0,0,0,0,0,0,error
org.json.junit.JSONPointerTest,toURIFragment,22,0,0,0,0,0,0,0,0,0,22,0,0,0,0,0,0,0,0,1,error
org.json.junit.JSONPointerTest,toStringEscaping,18,0,0,0,0,0,0,0,0,0,18,0,0,0,0,0,0,0,0,1,error
org.json.junit.JSONPointerTest,tokenListIsCopiedInConstructor,16,0,0,0,0,0,0,0,0,0,16,0,0,0,0,0,0,0,0,1,error
org.json.junit.JSONPointerTest,emptyPointerToString,7,0,0,0,0,0,0,0,0,0,7,0,0,0,0,0,0,0,0,1,error
org.json.junit.JSONArrayTest,optQueryWithSyntaxError,9,0,0,0,0,0,3,0,0,0,6,0,0,0,0,0,0,0,0,1,passed
org.json.junit.JSONObjectTest,write3Param,175,0,0,0,0,0,0,0,0,118,0,0,0,57,0,0,0,0,0,0,error
org.json.junit.JSONMLTest,nullJSONXMLException,2,0,0,0,0,0,0,0,2,0,0,0,0,0,0,0,0,0,0,1,passed
org.json.junit.XMLTest,shouldHandleNullJSONXML,6,0,0,0,0,0,0,0,0,0,0,0,0,0,0,0,6,0,0,2,passed
org.json.junit.JSONObjectTest,jsonObjectNonAndWrongValues,192,0,0,0,0,0,17,2,0,114,0,0,0,59,0,0,0,0,0,2,error
org.json.junit.JSONArrayTest,verifyPutMap,159,0,0,0,0,0,29,0,0,73,0,0,0,57,0,0,0,0,0,1,passed
org.json.junit.JSONArrayTest,length,135,0,0,0,0,0,27,0,0,49,0,0,0,59,0,0,0,0,0,1,error
org.json.junit.JSONArrayTest,testJSONArrayConstructor,99,0,0,0,0,0,27,0,0,17,0,0,0,55,0,0,0,0,0,1,error
org.json.junit.JSONArrayTest,testJSONArrayPutAll,98,0,0,0,0,0,26,0,0,17,0,0,0,55,0,0,0,0,0,2,error
org.json.junit.JSONArrayTest,verifySimilar,33,0,0,0,0,0,25,0,0,8,0,0,0,0,0,0,0,0,0,1,passed
org.json.junit.JSONObjectTest,testJSONWriterException,92,0,0,0,0,0,23,1,0,68,0,0,0,0,0,0,0,0,0,2,passed
org.json.junit.JSONObjectTest,optQueryWithSyntaxError,9,0,0,0,0,0,0,0,0,3,6,0,0,0,0,0,0,0,0,0,passed
org.json.junit.JSONPointerTest,syntaxError,6,0,0,0,0,0,0,0,0,0,6,0,0,0,0,0,0,0,0,1,error
org.json.junit.JSONPointerTest,nullToken,5,0,0,0,0,0,0,0,0,0,5,0,0,0,0,0,0,0,0,1,error
org.json.junit.JSONPointerTest,nullPointer,3,0,0,0,0,0,0,0,0,0,3,0,0,0,0,0,0,0,0,1,error
org.json.junit.JSONStringTest,testJSONNullStringValue,54,0,0,0,0,0,23,1,0,24,0,0,0,0,6,0,0,0,0,3,passed
org.json.junit.JSONArrayTest,iteratorTest,127,0,0,0,0,0,19,0,0,49,0,0,0,59,0,0,0,0,0,1,error
org.json.junit.JSONArrayTest,remove,81,0,0,0,0,0,18,0,0,16,0,0,0,47,0,0,0,0,0,1,passed
org.json.junit.JSONArrayTest,issue654StackOverflowInputWellFormed,73,0,0,0,0,0,17,1,0,0,0,0,0,55,0,0,0,0,0,15,passed
org.json.junit.JSONObjectTest,unquotedText,159,0,0,0,0,0,0,0,0,110,0,0,0,49,0,0,0,0,0,1,passed
org.json.junit.JSONObjectTest,testRecursiveEquals,102,0,0,0,0,0,0,1,0,101,0,0,0,0,0,0,0,0,0,2,passed
org.json.junit.XMLConfigurationTest,shouldHandleNullJSONXML,5,0,0,0,0,0,0,0,0,0,0,0,0,0,0,0,5,0,0,2,passed
org.json.junit.JSONTokenerTest,testErrors,103,0,0,0,0,0,0,1,0,44,0,0,0,58,0,0,0,0,0,0,passed
org.json.junit.JSONArrayTest,testObjectConstructor,28,0,0,0,0,0,17,1,0,10,0,0,0,0,0,0,0,0,0,0,passed
org.json.junit.JSONArrayTest,unclosedArray3,66,0,0,0,0,0,16,1,0,0,0,0,0,49,0,0,0,0,0,29692,error
org.json.junit.JSONStringTest,writeValues,96,0,0,0,0,0,15,0,0,81,0,0,0,0,0,0,0,0,0,0,passed
org.json.junit.JSONStringTest,testStringValue,49,0,0,0,0,0,15,0,0,25,0,0,0,0,9,0,0,0,0,0,passed
org.json.junit.JSONStringTest,testNullStringValue,40,0,0,0,0,0,15,0,0,16,0,0,0,0,9,0,0,0,0,1,error
org.json.junit.JSONArrayTest,unclosedArray2,64,0,0,0,0,0,14,1,0,0,0,0,0,49,0,0,0,0,0,0,passed
org.json.junit.JSONStringTest,testJSONStringExceptionValue,28,0,0,0,0,0,14,2,0,7,0,0,0,0,5,0,0,0,0,2,error
org.json.junit.JSONArrayTest,jsonArrayClearMethodTest,18,0,0,0,0,0,13,1,0,4,0,0,0,0,0,0,0,0,0,0,passed
org.json.junit.JSONObjectTest,testWierdListBean,92,0,0,0,0,0,12,0,0,80,0,0,0,0,0,0,0,0,0,3,passed
org.json.junit.JSONObjectTest,testIssue548ObjectWithEmptyJsonArray,90,0,0,0,0,0,8,0,0,33,0,0,0,49,0,0,0,0,0,1,passed
org.json.junit.JSONArrayTest,unclosedArray,39,0,0,0,0,0,8,1,0,0,0,0,0,30,0,0,0,0,0,0,passed
org.json.junit.JSONObjectTest,testPutNullCollection,45,0,0,0,0,0,7,0,0,11,0,0,0,27,0,0,0,0,0,0,passed
org.json.junit.JSONArrayTest,emptStr,29,0,0,0,0,0,6,1,0,0,0,0,0,22,0,0,0,0,0,0,passed
org.json.junit.JSONArrayTest,testJSONArrayInt,6,0,0,0,0,0,5,1,0,0,0,0,0,0,0,0,0,0,0,0,passed
org.json.junit.JSONObjectTest,testExceptionalBean,99,0,0,0,0,0,0,0,0,99,0,0,0,0,0,0,0,0,0,5,passed
org.json.junit.JSONObjectTest,testGenericIntBean,98,0,0,0,0,0,0,0,0,98,0,0,0,0,0,0,0,0,0,3,passed
org.json.junit.XMLTest,shouldHandleNullXML,2,0,0,0,0,0,0,0,0,0,0,0,0,0,0,0,2,0,0,1,passed
org.json.junit.JSONObjectTest,jsonObjectParseControlCharacters,91,0,0,0,0,0,0,1,0,32,0,0,0,58,0,0,0,0,0,1,passed
org.json.junit.JSONArrayTest,badObject,6,0,0,0,0,0,5,1,0,0,0,0,0,0,0,0,0,0,0,0,passed
org.json.junit.JSONArrayTest,toJSONObject,5,0,0,0,0,0,5,0,0,0,0,0,0,0,0,0,0,0,0,4,passed
org.json.junit.JSONArrayTest,nullException,2,0,0,0,0,0,1,0,0,0,0,0,0,1,0,0,0,0,0,0,passed
org.json.junit.JSONObjectTest,verifyPutMap,136,0,0,0,0,0,0,0,0,79,0,0,0,57,0,0,0,0,0,0,passed
org.json.junit.JSONObjectTest,verifySimilar,152,0,0,0,0,0,0,0,0,96,0,0,0,56,0,0,0,0,0,1,passed
org.json.junit.JSONObjectTest,issue654StackOverflowInputWellFormed,72,0,0,0,0,0,0,1,0,15,0,0,0,56,0,0,0,0,0,29,passed
org.json.junit.JSONObjectTest,verifyConstructor,129,0,0,0,0,0,0,0,0,74,0,0,0,55,0,0,0,0,0,1,passed
org.json.junit.JSONObjectTest,jsonInvalidNumberValues,120,0,0,0,0,0,0,0,0,65,0,0,0,55,0,0,0,0,0,3,passed
org.json.junit.JSONObjectTest,jsonValidNumberValuesNeitherLongNorIEEE754Compatible,110,0,0,0,0,0,0,0,0,59,0,0,0,51,0,0,0,0,0,6,passed
org.json.junit.JSONObjectTest,jsonObjectputNull,75,0,0,0,0,0,0,0,0,28,0,0,0,47,0,0,0,0,0,1,passed
org.json.junit.JSONObjectTest,jsonObjectOptCoercion,127,0,0,0,0,0,0,0,0,81,0,0,0,46,0,0,0,0,0,2,passed
org.json.junit.JSONObjectTest,jsonObjectOptNoKey,116,0,0,0,0,0,0,0,0,70,0,0,0,46,0,0,0,0,0,1,passed
org.json.junit.JSONObjectTest,equals,71,0,0,0,0,0,0,0,0,25,0,0,0,46,0,0,0,0,0,0,passed
org.json.junit.JSONTokenerTest,testSkipToFailureWithBufferedReader,35,0,0,0,0,0,0,1,0,0,0,0,0,34,0,0,0,0,0,329,passed
org.json.junit.JSONObjectTest,testLongRecursiveObject,96,0,0,0,0,0,0,1,0,95,0,0,0,0,0,0,0,0,0,3,passed
org.json.junit.JSONObjectTest,testSimpleRecursiveObject,96,0,0,0,0,0,0,1,0,95,0,0,0,0,0,0,0,0,0,2,passed
org.json.junit.XMLConfigurationTest,shouldHandleNullXML,1,0,0,0,0,0,0,0,0,0,0,0,0,0,0,0,1,0,0,1,passed
org.json.junit.JSONTokenerTest,verifyBackFailureDoubleBack,32,0,0,0,0,0,0,1,0,0,0,0,0,31,0,0,0,0,0,0,passed
org.json.junit.JSONObjectTest,issue654IncorrectNestingNoKey1,40,0,0,0,0,0,0,1,0,10,0,0,0,29,0,0,0,0,0,3,passed
org.json.junit.JSONObjectTest,issue654IncorrectNestingNoKey2,40,0,0,0,0,0,0,1,0,10,0,0,0,29,0,0,0,0,0,1,passed
org.json.junit.JSONObjectTest,testPutNullMap,42,0,0,0,0,0,0,0,0,15,0,0,0,27,0,0,0,0,0,0,passed
org.json.junit.JSONObjectTest,testPutNullDouble,38,0,0,0,0,0,0,0,0,11,0,0,0,27,0,0,0,0,0,0,passed
org.json.junit.JSONObjectTest,testPutNullBoolean,38,0,0,0,0,0,0,0,0,11,0,0,0,27,0,0,0,0,0,0,passed
org.json.junit.JSONObjectTest,testPutNullFloat,38,0,0,0,0,0,0,0,0,11,0,0,0,27,0,0,0,0,0,0,passed
org.json.junit.JSONObjectTest,testPutNullLong,38,0,0,0,0,0,0,0,0,11,0,0,0,27,0,0,0,0,0,1,passed
org.json.junit.JSONObjectTest,testPutNullInt,38,0,0,0,0,0,0,0,0,11,0,0,0,27,0,0,0,0,0,1,passed
org.json.junit.JSONObjectTest,testPutNullObject,37,0,0,0,0,0,0,0,0,10,0,0,0,27,0,0,0,0,0,1,passed
org.json.junit.JSONTokenerTest,testSkipToSuccessWithStringReader,27,0,0,0,0,0,0,0,0,0,0,0,0,27,0,0,0,0,0,1,passed
org.json.junit.JSONTokenerTest,verifyBackFailureZeroIndex,13,0,0,0,0,0,0,1,0,0,0,0,0,12,0,0,0,0,0,0,passed
org.json.junit.JSONObjectTest,testLongSelfRecursiveObject,96,0,0,0,0,0,0,1,0,95,0,0,0,0,0,0,0,0,0,1,passed
org.json.junit.JSONObjectTest,testSelfRecursiveObject,96,0,0,0,0,0,0,1,0,95,0,0,0,0,0,0,0,0,0,2,passed
org.json.junit.JSONObjectTest,testRepeatObjectRecursive,96,0,0,0,0,0,0,1,0,95,0,0,0,0,0,0,0,0,0,1,passed
org.json.junit.JSONObjectTest,jsonObjectOptStringConversion,92,0,0,0,0,0,0,0,0,92,0,0,0,0,0,0,0,0,0,1,passed
org.json.junit.JSONObjectTest,testSingletonEnumBean,85,0,0,0,0,0,0,0,0,85,0,0,0,0,0,0,0,0,0,4,passed
org.json.junit.JSONObjectTest,jsonObjectByBean2,85,0,0,0,0,0,0,0,0,85,0,0,0,0,0,0,0,0,0,4,passed
org.json.junit.JSONObjectTest,jsonObjectByBean3,84,0,0,0,0,0,0,0,0,84,0,0,0,0,0,0,0,0,0,2,passed
org.json.junit.JSONObjectTest,testNotRecursiveEquals,81,0,0,0,0,0,0,0,0,81,0,0,0,0,0,0,0,0,0,0,passed
org.json.junit.JSONObjectTest,testLongRepeatObjectNotRecursive,79,0,0,0,0,0,0,0,0,79,0,0,0,0,0,0,0,0,0,4,passed
org.json.junit.JSONObjectTest,testRepeatObjectNotRecursive,79,0,0,0,0,0,0,0,0,79,0,0,0,0,0,0,0,0,0,2,passed
org.json.junit.JSONObjectLocaleTest,jsonObjectByLocaleBean,76,0,0,0,0,0,0,0,0,76,0,0,0,0,0,0,0,0,0,3,passed
org.json.junit.JSONObjectTest,testSingletonBean,75,0,0,0,0,0,0,0,0,75,0,0,0,0,0,0,0,0,0,3,passed
org.json.junit.JSONObjectTest,valueToStringConfirmException,66,0,0,0,0,0,0,0,0,59,0,0,0,0,7,0,0,0,0,1,passed
org.json.junit.JSONObjectTest,jsonObjectOptBigDecimal,40,0,0,0,0,0,0,0,0,40,0,0,0,0,0,0,0,0,0,1,passed
org.json.junit.JSONObjectTest,jsonObjectQuote,36,0,0,0,0,0,0,0,0,36,0,0,0,0,0,0,0,0,0,0,passed
org.json.junit.JSONObjectTest,jsonObjectClearMethodTest,36,0,0,0,0,0,0,1,0,35,0,0,0,0,0,0,0,0,0,1,passed
org.json.junit.JSONObjectTest,jsonObjectOptBigInteger,34,0,0,0,0,0,0,0,0,34,0,0,0,0,0,0,0,0,0,1,passed
org.json.junit.JSONObjectTest,testLongFromString,31,0,0,0,0,0,0,0,0,31,0,0,0,0,0,0,0,0,0,0,passed
org.json.junit.JSONObjectTest,stringToValueNumbersTest,25,0,0,0,0,0,0,0,0,25,0,0,0,0,0,0,0,0,0,1,passed
org.json.junit.EnumTest,enumValueToString,16,0,0,0,0,0,0,0,0,16,0,0,0,0,0,0,0,0,0,6,passed
org.json.junit.JSONObjectTest,jsonObjectNumberToString,14,0,0,0,0,0,0,0,0,14,0,0,0,0,0,0,0,0,0,0,passed
org.json.junit.JSONObjectTest,jsonObjectDoubleToString,10,0,0,0,0,0,0,0,0,10,0,0,0,0,0,0,0,0,0,1,passed
org.json.junit.JSONObjectTest,jsonObjectByNullBean,6,0,0,0,0,0,0,0,0,6,0,0,0,0,0,0,0,0,0,1,passed
org.json.junit.JSONObjectTest,jsonObjectPutOnceNull,5,0,0,0,0,0,0,0,0,5,0,0,0,0,0,0,0,0,0,0,passed
org.json.junit.JSONObjectTest,emptyJsonObjectNamesToJsonAray,4,0,0,0,0,0,0,0,0,4,0,0,0,0,0,0,0,0,0,1,passed
org.json.junit.JSONObjectTest,toJSONArray,4,0,0,0,0,0,0,0,0,4,0,0,0,0,0,0,0,0,0,0,passed
org.json.junit.JSONObjectTest,jsonObjectByNullMap,4,0,0,0,0,0,0,0,0,4,0,0,0,0,0,0,0,0,0,0,passed
org.json.junit.JSONObjectTest,emptyJsonObject,3,0,0,0,0,0,0,0,0,3,0,0,0,0,0,0,0,0,0,0,passed
org.json.junit.JSONObjectTest,stringToValue,2,0,0,0,0,0,0,0,0,2,0,0,0,0,0,0,0,0,0,1,passed
org.json.junit.JSONObjectTest,timeNumberParsing,0,0,0,0,0,0,0,0,0,0,0,0,0,0,0,0,0,0,0,156,passed
